Title,Price,Location,IMG_URL
Disney Pixar Cars Lot Lightning McQueen 1:55 Diecast Model Car Toy Gift Loose,$4.99 to $19.99,from China,https://i.ebayimg.com/thumbs/images/g/wj0AAOSwY8BgDmkX/s-l225.jpg
Auto Seat Covers for Car Truck SUV Van - Universal Protectors Polyester 12 Color,$28.79 to $29.69,from United States,https://i.ebayimg.com/thumbs/images/g/XdwAAOSwfiZcvitV/s-l225.jpg
Paint Marker Pens Waterproof Permanent Pen For Car Tyre Metal ‚≠êBUY 2 GET 1 FREE‚≠ê,$2.36 to $3.43,from United Kingdom,https://i.ebayimg.com/thumbs/images/g/aaoAAOSw13FiBiFK/s-l225.jpg
Universal Gravity Car Holder Mount Air Vent Stand Cradle For Mobile Cell Phone,$2.20,from Morocco,https://i.ebayimg.com/thumbs/images/g/sDQAAOSwngViUwz0/s-l225.jpg
1* USB LED Car Interior Light Neon Atmosphere Ambient Lamp Bulb Accessories,$1.59,from China,https://i.ebayimg.com/thumbs/images/g/rlQAAOSwxqlgnex8/s-l225.jpg
Corgi Model Club 261 - James Bond's Aston Martin DB5 Boxed Diecast Car inc COA,$74.79,from United Kingdom,https://i.ebayimg.com/thumbs/images/g/p3AAAOSwLpNihSUz/s-l225.jpg
"MAJORETTE PREMIUM CARS Mercedes, Porsche, Audi, Dodge, Alfa Romeo, Kia, Nissan",$4.90 to $7.90,from Poland,https://i.ebayimg.com/thumbs/images/g/8QwAAOSwbs5gO2kO/s-l225.jpg
Waterproof TriFlex Rubber Floor Mats for Car Van SUVs Truck w/ Rear Liner Black,$40.95,from United States,https://i.ebayimg.com/thumbs/images/g/6WsAAOSwiZhcXhPH/s-l225.jpg
1/64 Diorama Model Display Tools Scenery Set 16 PCS / Set For Model Car,$15.72,from China,https://i.ebayimg.com/thumbs/images/g/upIAAOSw1GphnPCC/s-l225.jpg
18 Car Set New C Case Cars * 2022 Matchbox LONG CARD Case C,$39.99,from United States,https://i.ebayimg.com/thumbs/images/g/FscAAOSw16RihEkS/s-l225.jpg
*PRE ORDER* 2022 HOT WHEELS MOUNTAIN DRIFTERS Set of 5 Cars Complete Set Boxed,$73.88,from Japan,https://i.ebayimg.com/thumbs/images/g/Nd4AAOSwOYVifd2X/s-l225.jpg
Thomas and His Friends Train Engines Cars Magnet Metal Diecast Collect Gift Toy,$6.59 to $14.99,from China,https://i.ebayimg.com/thumbs/images/g/5kUAAOSwA0BicU5F/s-l225.jpg
Black Leatherette Car Seat Covers Front Rear Full Set Synthetic Leather Auto,$39.92,from United States,https://i.ebayimg.com/thumbs/images/g/x1kAAOSwE7RXF86m/s-l225.jpg
ELITERA Square Polarized Sunglasses For Men TR90 Frame Driving Sun Glasses Male ,$10.10 to $18.20,from China,https://i.ebayimg.com/thumbs/images/g/byYAAOSwVkBeSSNu/s-l225.jpg
Metal Front/ Rear Portal Axle for 1/10 Axial SCX10 II 90046 90047 & SCX10 RC Car,$47.59 to $106.59,from China,https://i.ebayimg.com/thumbs/images/g/ylwAAOSwndVhOFlh/s-l225.jpg
"Forza Horizon 5, ALL CARS, 999 Million CR, Series 7,8! (read Desc!) XBOX & PC",$22.99,from United States,https://i.ebayimg.com/thumbs/images/g/EbEAAOSwL1xiaEGM/s-l225.jpg
Biggest Ecu Chip Tuning Files Database Cars Mpps Galletto K-tag Kess Fast Server,$3.12,from United Kingdom,https://i.ebayimg.com/thumbs/images/g/P14AAOSwofVgqLB9/s-l225.jpg
Ixo 1/43 Truck Dodge 400 Diecast Car Model Metal Toy Vehicle,$35.00,from China,https://i.ebayimg.com/thumbs/images/g/IBYAAOSwbMtiaUe3/s-l225.jpg
Ixo 1/43 Truck Chevrolet D60 Diecast Car Model Metal Toy Car,$35.00,from China,https://i.ebayimg.com/thumbs/images/g/EUMAAOSwVoBido-~/s-l225.jpg
G-FANS Diorama 1/64 Shopping Store LED Lighting Vehicle Parking Lot Display Gift,$48.01,from China,https://i.ebayimg.com/thumbs/images/g/0z8AAOSwCo5hZvzV/s-l225.jpg
MAJORETTE Street Cars Toyota - choose model,$4.90 to $6.90,from Poland,https://i.ebayimg.com/thumbs/images/g/VgsAAOSwkiRidovg/s-l225.jpg
HOT WHEELS PREMIUM CAR CULTURE REAL RIDERS to choose from by RACEFACE-MODELCARS,$3.16 to $52.74,from Germany,https://i.ebayimg.com/thumbs/images/g/chcAAOSwsWxiR~wl/s-l225.jpg
"SUZUKI VITARA S Metal Model Diecast Car Scale, Collectible Toy Cars, Gray 1/36",$19.99,from Belarus,https://i.ebayimg.com/thumbs/images/g/mGQAAOSw5KdheAwR/s-l225.jpg
Aluminium HD Polarized Photochromic Sunglasses Men Driving Chameleon Sun Glasses,$11.50 to $12.80,from China,https://i.ebayimg.com/thumbs/images/g/~0YAAOSwXKNdOCNY/s-l225.jpg
OBD1 Diagnostic code reader for Mercedes cars with the 8 or 16 Port,$34.99,from United States,https://i.ebayimg.com/thumbs/images/g/9swAAOSwMrFiAxj1/s-l225.jpg
Disney Pixar Cars Lot Lightning McQueen 1:55 Diecast Model Car Toys Gift Loose,$6.22 to $19.93,from China,https://i.ebayimg.com/thumbs/images/g/U5gAAOSwLwNhbW2u/s-l225.jpg
Neon LED Light Glow EL Wire String Strip Rope Tube Decor Party + USB Controller,$3.99 to $4.98,from China,https://i.ebayimg.com/thumbs/images/g/bQEAAOSwtcBdJ~Kq/s-l225.jpg
5pcs 14mm / 11mm Car Key Sticker Emblem Logo For BMW Mercedes VW Audi and more,$5.50,from China,https://i.ebayimg.com/thumbs/images/g/3ZAAAOSwGOtgQk-n/s-l225.jpg
1956 56 FORD F100 PICKUP TRUCK 1:64 SCALE COLLECTIBLE DIORAMA DIECAST MODEL CAR,$9.99,from United States,https://i.ebayimg.com/thumbs/images/g/ESMAAOSwIC9iJ-5A/s-l225.jpg
New Listingüî•Hot Wheels Corvette Series 5 Pack Cars,$14.99,from United States,https://i.ebayimg.com/thumbs/images/g/fi4AAOSwP7xiiUCw/s-l225.jpg
Ixo 1/43 Truck Volvo N10 Diecast Car Model Metal Toy Car,$38.00,from China,https://i.ebayimg.com/thumbs/images/g/UYgAAOSw1wtid5PM/s-l225.jpg
4pcs Metal Plate Magnetic Sticker For Car Mobile Phone Stand Mount Magnet Holder,$3.34,from China,https://i.ebayimg.com/thumbs/images/g/kg4AAOSwiY1giu3H/s-l225.jpg
DISNEY PIXAR CARS DIE CAST MINI RACERS IMPOUND LIGHTNING MCQUEEN CUSTOM FREE SHI,$7.95,from United States,https://i.ebayimg.com/thumbs/images/g/aXMAAOSwC3NhTLbE/s-l225.jpg
American cars collection 1:43. de agostini *** select the model,$17.94 to $20.59,from Italy,https://i.ebayimg.com/thumbs/images/g/LTcAAOSw4gVeO93n/s-l225.jpg
"Display Stand /Support for 1:18 model cars  - for AutoArt, Exoto, CMC  *ROSETTE*",$5.50,from Poland,https://i.ebayimg.com/thumbs/images/g/B~YAAOSw7aBVBdjm/s-l225.jpg
Disney Pixar Cars Lightning McQueen Color Changers Change -2 paint jobsÔºàPlasticÔºâ,$9.99,from China,https://i.ebayimg.com/thumbs/images/g/r-MAAOSwCpFhHCgm/s-l225.jpg
Amazon Echo Auto In Car Smart Speaker With Alexa - Black,$41.74,from United Kingdom,https://i.ebayimg.com/thumbs/images/g/ZBMAAOSwXvBg-rsK/s-l225.jpg
Leather Repair Tape Kit Self Adhesive Patch Sticker Couch Sofa Car Seat Handbags,$7.84,from China,https://i.ebayimg.com/thumbs/images/g/ZqkAAOSwoHhhbyXd/s-l225.jpg
12V QC3.0 Dual USB Car Fast Charger Socket Power Outlet LED Voltmeter Waterproof,$9.41,from China,https://i.ebayimg.com/thumbs/images/g/FfkAAOSwxCZgN1b7/s-l225.jpg
DISNEY CARS MINI RACERS PRIMER LIGHTNING MCQUEEN 2021 BOX #13 FREE SHIP $15+,$4.95,from United States,https://i.ebayimg.com/thumbs/images/g/q0cAAOSwvypgPYNT/s-l225.jpg
1/32 Scale Decals for Policar Modern F1 slot cars 2021 Season,$4.99 to $5.61,from United Kingdom,https://i.ebayimg.com/thumbs/images/g/c3YAAOSwmzViA4Ky/s-l225.jpg
"Lot 1:43 American Cars, De Agostini-Collection 26 pieces",$15.84,from Italy,https://i.ebayimg.com/thumbs/images/g/PVMAAOSwXbhiaCIh/s-l225.jpg
2021 Hot Wheels Cars Main Line Series Newest Cases You Pick Brand New Hot Wheels,$1.50 to $3.95,from United States,https://i.ebayimg.com/thumbs/images/g/GqQAAOSwh4BgMBD-/s-l225.jpg
2022 Hot Wheels DOLLAR GENERAL Mercedes Impala Acura Ford Bronco Set of 4 Cars,$16.95,from United States,https://i.ebayimg.com/thumbs/images/g/rlsAAOSwIKNiea0M/s-l225.jpg
DISNEY PIXAR CARS DASH BOARDMAN METAL 2022 SAVE 6% GMC,$5.95,from United States,https://i.ebayimg.com/thumbs/images/g/FDUAAOSwJ~didntl/s-l225.jpg
2022 Hot Wheels Disney Character Cars Cinnamoroll by Sanrio,$12.99,from United States,https://i.ebayimg.com/thumbs/images/g/XvwAAOSwQ0xiQ8Mw/s-l225.jpg
DISNEY PIXAR CARS DONNA PITS METAL 2022 SAVE 6% GMC,$8.95,from United States,https://i.ebayimg.com/thumbs/images/g/5c4AAOSwX8ZiMVSK/s-l225.jpg
AMERICAN TRUCKS MODEL CARS SET 1:160 N - KINDER SURPRISE PLASTIC MINIATURES,$5.99,from Germany,https://i.ebayimg.com/thumbs/images/g/RbUAAOSw~CFY6auR/s-l225.jpg
2-Pack Disney Pixar Cars Lot  Chick Hicks & King Diecast Model Toy Cars Vehicle,$10.98,from China,https://i.ebayimg.com/thumbs/images/g/ISIAAOSwOidiZCBV/s-l225.jpg
1982 82 GMC CABALLERO EL CAMINO SQUAREBODY TRUCK 1/64 SCALE DIECAST MODEL CAR,$9.99,from United States,https://i.ebayimg.com/thumbs/images/g/8IIAAOSw7FhiRQO0/s-l225.jpg
APR 2022 PARA64 1/64 Honda Civic Type-R EP3 Diecast Model Car Championship White,$27.98,from Hong Kong,https://i.ebayimg.com/thumbs/images/g/h08AAOSwlvFiVte~/s-l225.jpg
Bburago 1:43 Signature Series F1 2021 RB16B #33 Max Verstappen Model Car,$29.98,from China,https://i.ebayimg.com/thumbs/images/g/Ml4AAOSwyU1hYFPL/s-l225.jpg
DISNEY PIXAR CARS MINI RACERS RYAN INSIDE LANEY LOOSE FREE SHIP $15+,$4.95,from United States,https://i.ebayimg.com/thumbs/images/g/rWYAAOSwnBdgPYbd/s-l225.jpg
1971-1973 FORD PINTO RARE 1:64 SCALE COLLECTIBLE DIORAMA DIECAST MODEL CAR,$11.99,from United States,https://i.ebayimg.com/thumbs/images/g/CcsAAOSwvO9iJ-0-/s-l225.jpg
2021 Ford Bronco #34 * Blue * 2022 Matchbox Case C * HB73,$4.99,from United States,https://i.ebayimg.com/thumbs/images/g/ry8AAOSwrNJihD6j/s-l225.jpg
DISNEY PIXAR CARS MINI RACERS SHINY WAX CONRAD CAMBER LOOSE FREE SHIP $15+,$4.95,from United States,https://i.ebayimg.com/thumbs/images/g/OssAAOSwU4hdy0HJ/s-l225.jpg
CM's 1/64 Rally Car Collection Secret Car SS.11 Lancia Stratos HF 1974 Sanremo,$22.00,from Hong Kong,https://i.ebayimg.com/thumbs/images/g/QnsAAOSwWNphftrx/s-l225.jpg
DISNEY PIXAR CARS MINI RACERS RUST-EZE WRAP RED MATER MCQUEEN 3 PACK SHIP $15+,$26.95,from United States,https://i.ebayimg.com/thumbs/images/g/nDoAAOSwdJZg1PSD/s-l225.jpg
DISNEY PIXAR CARS DIE CAST MINI RACERS GLOW JACKSON STORM LOOSE FREE SHIP $15+,$6.95,from United States,https://i.ebayimg.com/thumbs/images/g/HvYAAOSwgANiERY7/s-l225.jpg
Road Roller #4 * 2022 Matchbox Case C * NA83,$1.99,from United States,https://i.ebayimg.com/thumbs/images/g/dh0AAOSwAMxihDSz/s-l225.jpg
1:43 Premium X FORD MUSTANG Convertible 1965 PRD250 Diecast Models Toys Car Blue,$33.84,from China,https://i.ebayimg.com/thumbs/images/g/kaQAAOSwxghgtUUY/s-l225.jpg
DISNEY PIXAR CARS MINI RACERS LOOSE GOLDEN RUSTEZE CRUZ RAMIREZ SHIP $15+,$6.95,from United States,https://i.ebayimg.com/thumbs/images/g/JiQAAOSwfLtiNQmF/s-l225.jpg
DISNEY PIXAR CARS MINI RACERS BARRY DEPEDAL RPM 2021 BOX #15 FREE SHIP $15+,$5.95,from United States,https://i.ebayimg.com/thumbs/images/g/59oAAOSwQd5gPYRb/s-l225.jpg
2021 RMZ City Junior UNI Fortune Maserati Levante GTS - 1:64 1/64 Diecast Blue,$5.99,from Lithuania,https://i.ebayimg.com/thumbs/images/g/k~MAAOSw9gRhWFhk/s-l225.jpg
"2021 MSZ Metal Speed Zone Maserati Ghilbi - 1:64 1/64 Diecast Model Car, Blue",$6.99,from Lithuania,https://i.ebayimg.com/thumbs/images/g/xIYAAOSwhzNhztWB/s-l225.jpg
DISNEY PIXAR CARS MINI RACERS XRS MCQUEEN BRICK YARDLEY TIM 3 PACK SHIP $15+,$9.95,from United States,https://i.ebayimg.com/thumbs/images/g/R6cAAOSwL1dg1PhI/s-l225.jpg
DISNEY PIXAR CARS MINI RACERS DINOCO WRAP SALLY MCQUEEN CRUZ 3 PACK SHIP $15+,$14.95,from United States,https://i.ebayimg.com/thumbs/images/g/I0oAAOSwnb1g1PPw/s-l225.jpg
DISNEY PIXAR CARS DIE CAST MINI RACERS MATER GLOWS UFM LOOSE FREE SHIP $15+,$9.95,from United States,https://i.ebayimg.com/thumbs/images/g/4fEAAOSw9i5htm2H/s-l225.jpg
2022 Hot Wheels üå∏ JAPANESE Classic Cars multi Exclusive ‚ûΩ loose üå∏ You Choose,$6.88 to $8.88,from United States,https://i.ebayimg.com/thumbs/images/g/uBgAAOSw7JNiehRy/s-l225.jpg
MINICHAMPS 1/18 Scale BMW 3.0 CSL #25 Xpand Rally Diecast Model Car Collection,$116.14,from China,https://i.ebayimg.com/thumbs/images/g/0oMAAOSwQm9hQpKh/s-l225.jpg
Stackable Protecto Packs Clam Shell Type To Fit Hot Wheels Cars Lot of 25,$25.00,from United States,https://i.ebayimg.com/thumbs/images/g/JCAAAMXQuCdTe-NA/s-l225.jpg
2022 GREENLIGHT 1979 PONTIAC FIREBIRD T/A ROCKY II HOLLYWOOD SERIES 5,$9.99,from United States,https://i.ebayimg.com/thumbs/images/g/gw0AAOSwhOViK8K8/s-l225.jpg
Ixo 1/43 Truck FNM Fiat 210 Diecast Car Model Metal Toy Car,$35.00,from China,https://i.ebayimg.com/thumbs/images/g/LNoAAOSw6vNibB0W/s-l225.jpg
For CRV CR-V Car Door Step Plate Sill Scuff Cover 4D Anti Scratch Protection,$13.79,from China,https://i.ebayimg.com/thumbs/images/g/LBMAAOSwGzJiXNWw/s-l225.jpg
New Listing1/43 Hi-Story Nissan Cima Type III Limited L 1991 Black HS334BK Resin Model Car,$72.31,from China,https://i.ebayimg.com/thumbs/images/g/hI8AAOSwvPxiiT73/s-l225.jpg
For Car Seat Belt Buckle Socket Plug Connector W/Warning Cable Black Pack of 2,$25.98,from China,https://i.ebayimg.com/thumbs/images/g/tf8AAOSwMFFh~dlo/s-l225.jpg
New ListingTAKARA TOMY Tomica Premium 31 F40 W78 √ó H41 √ó D39mm,$16.46,from Japan,https://i.ebayimg.com/thumbs/images/g/~4oAAOSwKKxiiUTN/s-l225.jpg
New ListingCar Door Handle Konb Cover Trim For Mazda CX5 CX-3 2012-2021 Chrome Accessories,$22.48,from China,https://i.ebayimg.com/thumbs/images/g/jFcAAOSw2HNiheE1/s-l225.jpg
DCM 1:64 Toyota Century White Diecast Models Car Limited Edition Collection,$23.56,from China,https://i.ebayimg.com/thumbs/images/g/xI0AAOSw3dRfmZTR/s-l225.jpg
Traffic Cones 1:64 Scale (24 pk) for Hot Wheels Matchbox Toy Car Dioramas,$12.99,from United States,https://i.ebayimg.com/thumbs/images/g/798AAOSw9dtetMKS/s-l225.jpg
Ixo 1/43 Truck Volkswagen 6.8 Faulty vehicle Car Diecast Car Model,$35.00,from China,https://i.ebayimg.com/thumbs/images/g/5KcAAOSwlPpibAIN/s-l225.jpg
CHEVROLET CORVETTE C7 R #64 LE MANS (2016) 1/18 MODEL CAR BY AUTOART 81604,$142.50,from United States,https://i.ebayimg.com/thumbs/images/g/KscAAOSwi4laa3d0/s-l225.jpg
2022 Hot Wheels Disney Character Cars My Melody by Sanrio,$8.99,from United States,https://i.ebayimg.com/thumbs/images/g/Uf8AAOSwmdFiQ8Jz/s-l225.jpg
Ixo 1/43 Truck Chevrolet C6500 Saboroso Diecast Car Model Metal Toy Car,$35.00,from China,https://i.ebayimg.com/thumbs/images/g/1UQAAOSwXodibBQA/s-l225.jpg
Ixo 1/43 Truck FNM D11000 Diecast Car Model Metal Toy Vehicle,$34.00,from China,https://i.ebayimg.com/thumbs/images/g/PWsAAOSwdNpiaUdJ/s-l225.jpg
New ListingHOT WHEELS PREMIUM CAR CULTURE DOOR SLAMMERS 71 PORSCHE 911 Broken Bubble,$4.99,from United States,https://i.ebayimg.com/thumbs/images/g/o3QAAOSwpfliV1-C/s-l225.jpg
'19 Jeep Renegade #6 * Blue * 2022 Matchbox Case C * NA83,$3.99,from United States,https://i.ebayimg.com/thumbs/images/g/sCsAAOSw6nRihDWq/s-l225.jpg
"Land Rover Discovery Metal Model Diecast Car, Collectible Toy, Model, White 1/36",$19.99,from Belarus,https://i.ebayimg.com/thumbs/images/g/0ZUAAOSwocZgdHG5/s-l225.jpg
1/43 Norev Peugeot Expert 2016 Pompiers Firefighters Minibus Diecast model Cars,$24.31,from China,https://i.ebayimg.com/thumbs/images/g/pZAAAOSwCaJh9rPj/s-l225.jpg
Atlas Dinky Toys 885 CAMION SAVIEM S7 PORTE-FER Ring iron Diecast Models Car,$27.43,from China,https://i.ebayimg.com/thumbs/images/g/Jr8AAOSwpGpgsRTp/s-l225.jpg
New ListingHi-Story 1/43 Nissan Cima Type III Limited L 1991 Black HS334BK Resin Model Car,$72.31,from China,https://i.ebayimg.com/thumbs/images/g/1MIAAOSwdZNiiPQQ/s-l225.jpg
2022 Hot Wheels HW GREEN SPEED 3/5 GMC Hummer EV 130/250,$2.00,from United States,https://i.ebayimg.com/thumbs/images/g/tUIAAOSwvoVicBgf/s-l225.jpg
"DALLARA INDYCAR RCC #48 JOHNSON ""CARVANA"" NTT 2022 1/18 DIECAST GREENLIGHT 11141",$78.99,from United States,https://i.ebayimg.com/thumbs/images/g/QLkAAOSwlnZihB93/s-l225.jpg
1963 63 DODGE POLARA 500 MAX WEDGE RARE 1/64 SCALE DIORAMA DIECAST MODEL CAR,$14.99,from United States,https://i.ebayimg.com/thumbs/images/g/H0gAAOSwQL5iJ-0G/s-l225.jpg
Ixo 1/43 Truck Mercedes 1620 RODO-CHEMICAL Diecast Car Model Metal Toy Vehicle,$36.00,from China,https://i.ebayimg.com/thumbs/images/g/KnMAAOSwxlxiaQiC/s-l225.jpg
Ixo 1/43 Truck Puma 4T Diecast Car Model Metal Toy Vehicle,$35.00,from China,https://i.ebayimg.com/thumbs/images/g/dx8AAOSwtP5iaU7T/s-l225.jpg
1962-1980 MG MGB CONVERTIBLE 1:64 SCALE COLLECTIBLE DIORAMA DIECAST MODEL CAR,$11.99,from United States,https://i.ebayimg.com/thumbs/images/g/Hw8AAOSw0NdiJ-0-/s-l225.jpg
Ricko 38478 1/87 H0 Mercedes 630K Yellow Of 1927 Car Miniature Ho,$10.09,from France,https://i.ebayimg.com/thumbs/images/g/6-sAAOSw0SticRb-/s-l225.jpg
DISNEY PIXAR CARS TEAM SHINY WAX NEBEKENEZER read WOC 3 PACK SAVE 6% GMC,$29.95,from United States,https://i.ebayimg.com/thumbs/images/g/OOcAAOSwl~1hec~u/s-l225.jpg
2022 Hot Wheels Character Cars Marvel Studios Thor Love and Thunder Mighty Thor,$8.99,from United States,https://i.ebayimg.com/thumbs/images/g/oVYAAOSw0IVigwdi/s-l225.jpg
2022 M2 MACHINES 1971 PLYMOUTH CUDA 440 GROUND POUNDER  R22 21-12 1:64 ,$9.99,from United States,https://i.ebayimg.com/thumbs/images/g/IE4AAOSwVSFiM4YX/s-l225.jpg
Ixo 1/43 Truck Mercedes-Benz LP1520  Mixer Diecast Car Model Metal Toy Car,$38.00,from China,https://i.ebayimg.com/thumbs/images/g/DgsAAOSwXTVibBee/s-l225.jpg
GAZ-A USSR Soviet Passenger Car Phaeton Black Color 1:43 Scale Diecast Model,$9.99,from Ukraine,https://i.ebayimg.com/thumbs/images/g/yHcAAOSwSwNbQQ8U/s-l225.jpg
NO TOOLS LEFT IN THIS VEHICLE CAR STICKERS DECALS BUMPER WINDOW VAN OVERNIGHT,$3.08,from United Kingdom,https://i.ebayimg.com/thumbs/images/g/tioAAOSwUGFeFcZ-/s-l225.jpg
Premium X 1:43 Volvo 440 1988 Grey PRD440 Diecast Models Car Limited Collection,$33.41,from China,https://i.ebayimg.com/thumbs/images/g/3UUAAOSwQJFh9BNM/s-l225.jpg
New ListingHOT WHEELS Premium CAR CULTURE EURO SPEED BMW M1 PROCAR NEW,$16.00,from United States,https://i.ebayimg.com/thumbs/images/g/br4AAOSwHNxiiTpa/s-l225.jpg
Atlas 1:43 Dinky Toys 570 Fourgon Tole J7 Peugeot Diecast Models Collection Used,$18.08,from China,https://i.ebayimg.com/thumbs/images/g/xRYAAOSwhU1fRnyv/s-l225.jpg
2022 Hot Wheels Character Cars Marvel Gaurdians of the Galaxy Rocket Raccoon,$7.99,from United States,https://i.ebayimg.com/thumbs/images/g/BAMAAOSwm4Vigwj7/s-l225.jpg
2021 New WRECKREATIONAL Hot Wheels Monster Truck  w/ re-crushable Car,$6.99,from United States,https://i.ebayimg.com/thumbs/images/g/uRIAAOSwa7VhEdGG/s-l225.jpg
"AUTOWORLD PREMIUM 2021 RELEASE 3, 6 PC SET 1/64 DIECAST CARS AUTOWORLD 64322 B",$46.99,from United States,https://i.ebayimg.com/thumbs/images/g/5~gAAOSwxIxhl~d0/s-l225.jpg
M2 MACHINES Auto-Drivers R76 1956 Ford F-100 Truck (Brown) MAUI & SON'S,$6.95,from United States,https://i.ebayimg.com/thumbs/images/g/O0AAAOSwrw9hVehj/s-l225.jpg
1977 DODGE MONACO POLICE CAR THE TERMINATOR MOVIE 1/24 DIECAST GREENLIGHT 84101,$23.99,from United States,https://i.ebayimg.com/thumbs/images/g/GVkAAOSwOGhg3jDO/s-l225.jpg
"AUTOWORLD PREMIUM 2021 RELEASE 3, 6 PC SET 1/64 DIECAST CARS AUTOWORLD 64322 A",$46.99,from United States,https://i.ebayimg.com/thumbs/images/g/NSIAAOSwk8dhsTYg/s-l225.jpg
Atlas 1/43 Dinky toys 1420 Opel Commodore Rekord Diecast Models Car Collection,$18.08,from China,https://i.ebayimg.com/thumbs/images/g/9D8AAOSwU9RgrRZm/s-l225.jpg
Dual USB Power Adapter Charger Plug Splitter 12V Car Cigarette Lighter Socket,$12.27,from China,https://i.ebayimg.com/thumbs/images/g/YzIAAOSwn4Viam9I/s-l225.jpg
"1970 CHEVROLET NOVA BURGUNDY ""VINTAGE AD CARS"" 1/64 DIECAST GREENLIGHT 39090 C",$7.99,from United States,https://i.ebayimg.com/thumbs/images/g/rLAAAOSwZQ9iK7Bp/s-l225.jpg
DISNEY PIXAR CARS SCAVENER HUNT METALLIC SALLY 2019 SAVE 6% GMC,$19.95,from United States,https://i.ebayimg.com/thumbs/images/g/txsAAOSwxJlho5C8/s-l225.jpg
Porsche Rauh Welt Begriff 1/64 Scale RWB 930 3.8 Type Wing Clement Grey New Box,$29.90,from China,https://i.ebayimg.com/thumbs/images/g/8rIAAOSwTdViJyDE/s-l225.jpg
SYRENA 104 F -- 1/43 -- IXO/IST -- NEW,$15.58,from Poland,https://i.ebayimg.com/thumbs/images/g/PSwAAOSwRO1iHzkC/s-l225.jpg
2021 GREENLIGHT blue 1986 CHEVROLET CAPRICE LOWRIDER MIJO EXCLUSIVE 3600,$12.99,from United States,https://i.ebayimg.com/thumbs/images/g/EeQAAOSwiKphlD6Y/s-l225.jpg
2022 Hot Wheels Character Cars Marvel Studios Doctor Strange America Chavez,$8.99,from United States,https://i.ebayimg.com/thumbs/images/g/Ly8AAOSwJ~digwp7/s-l225.jpg
2022 Hot Wheels Jurassic World Dominion Character Cars #4 Velociraptor Beta,$11.99,from United States,https://i.ebayimg.com/thumbs/images/g/J~oAAOSwKgliYg-r/s-l225.jpg
JOHNNY LIGHTNING JLCG022 JLSP106 B 1950 CHEVY 3100 PICK UP TRUCK 1/64 BLUE WHITE,$6.90,from United States,https://i.ebayimg.com/thumbs/images/g/eb8AAOSwe~JfdN2U/s-l225.jpg
2019 Fiat 500 Turbo #11 * Blue * 2022 Matchbox Case C * NA85,$3.99,from United States,https://i.ebayimg.com/thumbs/images/g/RGUAAOSwbG5ihDio/s-l225.jpg
RM1:64 Dog car model Car model scene Golden Retriever poodle lady black back dog,$6.99 to $10.99,from China,https://i.ebayimg.com/thumbs/images/g/szIAAOSwB8Bfo5OU/s-l225.jpg
Ixo 1/43 Truck AGRALE TX1100 Diecast Car Model Metal Toy Vehicle,$30.00,from China,https://i.ebayimg.com/thumbs/images/g/vF8AAOSwwCBiaVVN/s-l225.jpg
BMW 635 CSi #1 WINNER 24H NURBURGRING 1985 1/18 DIECAST CAR MINICHAMPS 155852501,$149.99,from United States,https://i.ebayimg.com/thumbs/images/g/tbEAAOSw7JFiYvRJ/s-l225.jpg
Ertl 1956 Ford F-100 Stepside Pickup Truck 1:18 Mandarin Orange Diecast Car ,$44.50,from United States,https://i.ebayimg.com/thumbs/images/g/ZD0AAOSwjUBhQj1q/s-l225.jpg
2022 Hot Wheels Jurassic World Dominion Character Cars #2 Giganotosaurus,$11.99,from United States,https://i.ebayimg.com/thumbs/images/g/AdEAAOSw2U1iYg6i/s-l225.jpg
HOT WHEELS 2019 CAR CULTURE GULF RACING #3 NISSAN LAUREL 2000 SGX,$11.99,from Malaysia,https://i.ebayimg.com/thumbs/images/g/sP8AAOSwoG1cXSxp/s-l225.jpg
ERA CAR NS20GTRRN35B 2020 NISSAN SKYLINE GT-R R35 JAPAN POLICE CAR 1/64 ,$10.97,from United States,https://i.ebayimg.com/thumbs/images/g/~5UAAOSwIlhfrHgn/s-l225.jpg
1973 73 PLYMOUTH ROAD RUNNER ZINGER RARE 1/64 SCALE DIORAMA DIECAST MODEL CAR,$9.99,from United States,https://i.ebayimg.com/thumbs/images/g/TKsAAOSw22ViJ-1H/s-l225.jpg
2022 JOHNNY LIGHTNING 1989 LOTUS ESPRIT CLASSIC GOLD REL 4 VS B NO 5,$9.99,from United States,https://i.ebayimg.com/thumbs/images/g/vo4AAOSwVORiMk8Z/s-l225.jpg
Hot Wheels GJP75 Led Zeppelin Set of 5 Collectible Die-Cast Vehicles Premium BOX,$70.61,from Japan,https://i.ebayimg.com/thumbs/images/g/ufsAAOSwxzJiMZ-2/s-l225.jpg
1/12 Car model scene props Gilbarco Gas Pump fuel dispenser,$29.99,from China,https://i.ebayimg.com/thumbs/images/g/MgAAAOSwDaBf4cpG/s-l225.jpg
2022 Matchbox Convoys #2 Tesla Semi & Box Trailer  Tesla Roadster RED / MOC,$14.99,from United States,https://i.ebayimg.com/thumbs/images/g/UC0AAOSwbhJiL8a7/s-l225.jpg
WARSZAWA 203P -- 1/43 -- IXO/IST -- NEW,$9.85,from Poland,https://i.ebayimg.com/thumbs/images/g/gDUAAOSwSzxiH0z0/s-l225.jpg
DISNEY PIXAR CARS VLADIMIR TRUNKOV LEMONS 2013 SAVE 6% GMC,$16.95,from United States,https://i.ebayimg.com/thumbs/images/g/zkAAAOSw8Ithh-mu/s-l225.jpg
GREEN 1969 CHEVROLET CAMARO CONVERTIBLE GREENLIGHT 1:24 SCALE DIECAST MODEL CAR,$24.99,from United States,https://i.ebayimg.com/thumbs/images/g/zkgAAOSwxp9W2b8U/s-l225.jpg
Skoda Octavia Combi A8 IV 2020 1:43 White Moon,$27.00,from Czech Republic,https://i.ebayimg.com/thumbs/images/g/TtQAAOSwZ2BfUeN8/s-l225.jpg
GREENLIGHT 35140 D 1988 CHEVROLET K5 BLAZER M1009 CUCV 1/64 MATTE GREEN,$7.90,from United States,https://i.ebayimg.com/thumbs/images/g/qVAAAOSwnD1dt2sf/s-l225.jpg
Greenlight GULF 1969 Chevrolet C-30 Dually Wrecker,$5.99,from United States,https://i.ebayimg.com/thumbs/images/g/ddwAAOSwrXRiTGYc/s-l225.jpg
ONYX 1:43 ARROWS HART FA17 - RICARDO ROSSET EUROPE GRAND PRIX 1996 - 286 - CASED,$6.86,from United Kingdom,https://i.ebayimg.com/thumbs/images/g/QIEAAOSwpvRhVyJS/s-l225.jpg
AUTOWORLD AW64342 AWSP087 A 1985 CHEVY SILVERADO PICK UP 1/64 DARK BLUE POLY,$8.70,from United States,https://i.ebayimg.com/thumbs/images/g/-ksAAOSwWPtiCwUI/s-l225.jpg
FERRARI 712 CAN AM #50 ANDRETTI WATKINS GLEN 1971 1/18 CAR TECNOMODEL TM18-225B,$279.99,from United States,https://i.ebayimg.com/thumbs/images/g/1HYAAOSw2DNiAYHa/s-l225.jpg
Greenlight MIJO 1/24 USPS United States Postal Service LLV Mail Truck 51412,$28.99,from United States,https://i.ebayimg.com/thumbs/images/g/7WMAAOSwlcBhqoPs/s-l225.jpg
2022 Hot Wheels FACTORY FRESH 5/10 Nissan Z Proto 124/250,$2.50,from United States,https://i.ebayimg.com/thumbs/images/g/70sAAOSwHm9iS4Gk/s-l225.jpg
HOT WHEELS 2019 '71 DATSUN 510 WAGON MYSTERY CAR SERIES 3 + STICKER LOOSE ,$10.00,from Malaysia,https://i.ebayimg.com/thumbs/images/g/RWsAAOSwPD5dCQ~p/s-l225.jpg
New Listingcar phone holder air vent,$8.43,from Australia,https://i.ebayimg.com/thumbs/images/g/L3YAAOSwlJBh7FcF/s-l225.jpg
"New ListingWelly NEX Mazda CX-5, Red, No. 52359 - 1:64 1/64 1:60 1/60 ",$5.99,from Lithuania,https://i.ebayimg.com/thumbs/images/g/vQYAAOSw-S1iiOWT/s-l225.jpg
"New ListingWelly NEX Mazda CX-5, Red, No. 52359 - 1:64 1/64 1:60 1/60 ",$5.99,from Lithuania,https://i.ebayimg.com/thumbs/images/g/vQYAAOSw-S1iiOWT/s-l225.jpg
Wireless Bluetooth Adapter 3.5mm Aux Audio Music Receiver Stereo For Car Mic,$3.50 to $4.60,from Canada,https://i.ebayimg.com/thumbs/images/g/FVwAAOSwStVfCdBw/s-l225.jpg
Real Carbon Fiber Car Handle Brake Cover Trim For 2010-2015 Chevrolet Camaro,$49.13,from China,https://i.ebayimg.com/thumbs/images/g/f9EAAOSwh4piam4~/s-l225.jpg
Hot Wheels 2014 White 501st Clone Trooper Star Wars Character Cars CGW41,$12.98,from United States,https://i.ebayimg.com/thumbs/images/g/UnkAAOSwC4JhN-IR/s-l225.jpg
Matchbox Grab 2022.Vague 2. 2016 Toyota TACOMA .neuf IN Box. Read Descriptive,$3.09,from France,https://i.ebayimg.com/thumbs/images/g/ZmUAAOSw60digQgd/s-l225.jpg
HOT WHEELS 2022 MYSTERY CAR SERIES 1 DATSUN BLUEBIRD 510 LOOSE MINT,$15.00,from Malaysia,https://i.ebayimg.com/thumbs/images/g/YTsAAOSw5hFiDmMM/s-l225.jpg
2022 JOHNNY LIGHTNING 1967 CHEVY EL CAMINO TRUCK CLASSIC GOLD REL 1 VS A NO 4,$11.99,from United States,https://i.ebayimg.com/thumbs/images/g/eXAAAOSwhC5icEGt/s-l225.jpg
"AUTO WORLD 1975 CADILLAC ELDORADO COLLECTIBLE CLASSIC CAR -Maroon, MIP",$7.95,from United States,https://i.ebayimg.com/thumbs/images/g/dwwAAOSwbrlgAQ6f/s-l225.jpg
M2 MACHINES Auto-Drivers R69 1970 Ford Torino Cobra 429 SCJ (Yellow),$6.95,from United States,https://i.ebayimg.com/thumbs/images/g/xkUAAOSwDh5hWPDR/s-l225.jpg
2022 Hot Wheels CHEVY BEL AIR 1/5 '55 Chevy 20/250 (Red),$2.00,from United States,https://i.ebayimg.com/thumbs/images/g/OKsAAOSwfNxib8h9/s-l225.jpg
2022 Hot Wheels HW J-IMPORTS 5/10 Mazda RX-3 143/250,$2.50,from United States,https://i.ebayimg.com/thumbs/images/g/LboAAOSwMtxicGDC/s-l225.jpg
ONYX 1:43 ARROWS HART FA17 - RICARDO ROSSET BRAZIL GRAND PRIX 1996 - 284 - BOXED,$6.86,from United Kingdom,https://i.ebayimg.com/thumbs/images/g/Md0AAOSwcpte1Nwb/s-l225.jpg
1960 60 AMC RAMBLER STATION WAGON RARE 1:64 SCALE COLLECTIBLE DIECAST MODEL CAR,$9.99,from United States,https://i.ebayimg.com/thumbs/images/g/O-kAAOSwbCFiJ-6e/s-l225.jpg
New Listing1:64 Mercedes Benz Maybach S650 Diecast Toys Car Models Collection Gifts Master,$35.86,from China,https://i.ebayimg.com/thumbs/images/g/3l8AAOSwftdiiDRj/s-l225.jpg
Race Car # 91  Diecast,$18.19,from United States,https://i.ebayimg.com/thumbs/images/g/EogAAOSw~b5f-Np4/s-l225.jpg
"1:43 IXO JAGUAR F-TYPE Coupe ""R"" Polaris White 50JDCAFTCR Diecast Model Limited",$33.27,from China,https://i.ebayimg.com/thumbs/images/g/UQsAAOSwLf1hoteD/s-l225.jpg
MAJORETTE Suzuki Swift Sport Series - choose model,$9.90,from Poland,https://i.ebayimg.com/thumbs/images/g/FssAAOSwxRNifMyt/s-l225.jpg
DeAgostini 1:43 Russian UAZ-452V ‚Ññ16 cars USSR ,$17.99,from Ukraine,https://i.ebayimg.com/thumbs/images/g/KhoAAOSwOxRhDAUT/s-l225.jpg
2018 Hot Wheels '90 ACURA NSX 2/12 ‚ú∞red; 5sp‚ú∞Target RED EDITION‚ú∞Factory,$12.90,from United States,https://i.ebayimg.com/thumbs/images/g/oZAAAOSw5YNg7~DH/s-l225.jpg
HOT WHEELS 2018 EURO SPEED PORSCHE 993 GT2 CAR CULTURE FRESHLY OPENED LOOSE MINT,$18.00,from Malaysia,https://i.ebayimg.com/thumbs/images/g/I~YAAOSwfzdcXUOe/s-l225.jpg
Hot Wheels COLOR SHIFTERS - Color Changing Diecast Cars 1:64 - YOU CHOOSE,$5.99,from United States,https://i.ebayimg.com/thumbs/images/g/A7sAAOSwliBgLs8F/s-l225.jpg
* NOREV Skoda Kodiaq  1:43 White Moon,$29.90,from Czech Republic,https://i.ebayimg.com/thumbs/images/g/~RMAAOSw1AleeL-3/s-l225.jpg
 Skoda Enyaq iV 1:43 White Moon I-Scale ,$29.00,from Czech Republic,https://i.ebayimg.com/thumbs/images/g/Ix0AAOSwwolgpKeZ/s-l225.jpg
2022 Hot Wheels - Hatchbacks #17 - Toyota AE86 Sprinter Trueno - Lot of 4,$7.95,from United States,https://i.ebayimg.com/thumbs/images/g/HBsAAOSw0IVid1FB/s-l225.jpg
"AUTO WORLD 1974 74 BUICK ESTATE STATION WAGON -Cinnamon Poly, MIP ",$11.95,from United States,https://i.ebayimg.com/thumbs/images/g/dN4AAOSwqktdUJyl/s-l225.jpg
RCMP Royal Canadian Mounted Police Patrol Car Decals 1:24,$12.99,from United States,https://i.ebayimg.com/thumbs/images/g/pbQAAOSweYRgsoGy/s-l225.jpg
2020 Hot Wheels #174 Muscle Mania '64 Nova Wagon Gasser Walgreens Exclusive Blue,$3.50,from United States,https://i.ebayimg.com/thumbs/images/g/C30AAOSwDSVhVlK3/s-l225.jpg
HOT WHEELS 2022 '70 MUSTANG BOSS 302 ZAMAC MAIL IN MISP + PROTECTOR ,$40.00,from Malaysia,https://i.ebayimg.com/thumbs/images/g/CfoAAOSw6K1iINLI/s-l225.jpg
DeAgostini 1:43 Dinky Toys 548 Fiat 1800 Station Wagon Diecast Models Car,$16.08,from China,https://i.ebayimg.com/thumbs/images/g/tEcAAOSw169fa2JU/s-l225.jpg
Hot Wheels 2015 Red What-4-2 X-Raycers 141/250 CFK86,$8.98,from United States,https://i.ebayimg.com/thumbs/images/g/XUsAAOSwvD5hR0e7/s-l225.jpg
Hot Wheels 2002 Hydroplane Fed Fleet 3/4 113,$8.98,from United States,https://i.ebayimg.com/thumbs/images/g/QCoAAOSwzfZhU4cD/s-l225.jpg
1999 Road Champs WWF Undertaker Car and Figure Attitude Wresting MIP,$29.99,from United States,https://i.ebayimg.com/thumbs/images/g/7ggAAMXQgJRQ90W2/s-l225.jpg
HOT WHEELS 2022 ZAMAC 6 PACK BOX SET 71 DATSUN 510 WAGON ZAMAC LOOSE MINT,$14.00,from Malaysia,https://i.ebayimg.com/thumbs/images/g/XbgAAOSw6YxiOxsa/s-l225.jpg
ERA CAR MB21VITRN58 MERCEDES BENZ VITO ST. JOHN AMBULANCE 1/64 DIECAST WHITE,$11.90,from United States,https://i.ebayimg.com/thumbs/images/g/bz4AAOSwZvxhi0w8/s-l225.jpg
1972 72 AMC JAVELIN AMX UTICA ROME SPEEDWAY PACE CAR NY 1:64 DIECAST MODEL CAR,$9.99,from United States,https://i.ebayimg.com/thumbs/images/g/prIAAOSwDZ5iJ-3T/s-l225.jpg
TAKARA TOMY initial D comic Tomica Vol.1 Diamond pet 6 set Shuichi Shigeno,$63.00,from Japan,https://i.ebayimg.com/thumbs/images/g/vUYAAOSwfhZfP0fE/s-l225.jpg
2016 BENTLEY CONTINENTAL GT COUPE BURGUNDY 1/18 DIECAST MODEL BY PARAGON 98221,$149.99,from United States,https://i.ebayimg.com/thumbs/images/g/GCgAAOSwldRaE9Te/s-l225.jpg
2022 RACING CHAMPIONS MINT 1966 CHEVY IMPALA SS 409 #6 1:64 CAR,$11.99,from United States,https://i.ebayimg.com/thumbs/images/g/E8QAAOSwJ0Bh~EE4/s-l225.jpg
1:43 DeAgostini Dinky toys 24R Peugeot 203 Diecast Models Limited Gift Toys,$15.96,from China,https://i.ebayimg.com/thumbs/images/g/lM0AAOSw1L5hHBJ1/s-l225.jpg
Hot Wheels 2020 White Gruppo x24 Track Stars 3/5 GHD49,$7.98,from United States,https://i.ebayimg.com/thumbs/images/g/lHYAAOSwEmxhR0fM/s-l225.jpg
"Chevrolet Corvette C8-R #64, 24h Le Mans 2021 GT Spirit 1:18 Model Car",$152.00,from Greece,https://i.ebayimg.com/thumbs/images/g/QK4AAOSwWrdickA3/s-l225.jpg
ERA CAR #16 1/64  Mercedes-Benz Vito HK Police Dog Unit Diecast Car Patrol MODE,$20.18,from Hong Kong,https://i.ebayimg.com/thumbs/images/g/ORsAAOSwdIdfMCJ2/s-l225.jpg
New ListingHOT WHEELS #64 MONSTER TRUCKS 1:64 MOTOSAURUS PLUS CONNECT & CRASH CAR 2022 NEW,$11.49,from United States,https://i.ebayimg.com/thumbs/images/g/-iYAAOSwepJiiCG4/s-l225.jpg
#27 1982 Ferrari F126 C2 Gilles Villeneuve 1/43 Diecast Model F1 Car IXO,$40.03,from United Kingdom,https://i.ebayimg.com/thumbs/images/g/Ex8AAOSwCNdiK3Sy/s-l225.jpg
AUTOWORLD CP7787 RACING LEGENDS 1973 CHEVY C-10 PICK UP 1/64 MONGOOSE RED WHITE,$13.95,from United States,https://i.ebayimg.com/thumbs/images/g/mG8AAOSwGodhZIXV/s-l225.jpg
Corgi 1:36 CC93992 Pierce Brosnan Die Another Day Aston Martin & Jaguar Set BNIB,$39.83,from United Kingdom,https://i.ebayimg.com/thumbs/images/g/5N8AAOSw7lxfhKyt/s-l225.jpg
ONYX 1:43 - F1 91 COLLECTION - TYRREL HONDA 020 STEFANO MODENA - 126 - BOXED,$5.61,from United Kingdom,https://i.ebayimg.com/thumbs/images/g/fj8AAOSw1mdeaqh1/s-l225.jpg
Marmon CHDT 1980 White	TR083 IXO 1:43 New !,$33.12,from Estonia,https://i.ebayimg.com/thumbs/images/g/DiAAAOSwAK9iPNof/s-l225.jpg
Hello Kitty * Hot Wheels Character Cars,$7.99,from United States,https://i.ebayimg.com/thumbs/images/g/kUwAAOSw0BpiHa4h/s-l225.jpg
1970 PONTIAC GTO JUDGE DRAG OUTLAWS ORBIT ORANGE 1/18 DIECAST CAR ACME A1801215,$139.95,from United States,https://i.ebayimg.com/thumbs/images/g/SHEAAOSwz~NiWdP~/s-l225.jpg
James bond 007 Aston Martin V8 Vantage The living Daylights New in Sealed outer,$13.65,from United Kingdom,https://i.ebayimg.com/thumbs/images/g/0V4AAOSwC9lfLd~M/s-l225.jpg
AUTOWORLD CP7798 1978 CHEVY SILVERADO C-10 PICK UP 1/64 WEATHERED RUSTED DIRTY,$13.99,from United States,https://i.ebayimg.com/thumbs/images/g/rP8AAOSwPEdhpVSu/s-l225.jpg
2022 Hot Wheels RED EDITION 3/12 '76 Greenwood Corvette 21/250,$2.50,from United States,https://i.ebayimg.com/thumbs/images/g/B5AAAOSwjaZiS4xO/s-l225.jpg
GREENLIGHT 1/43 BRIAN'S 1995 MITSUBISHI ECLIPSE LIME GREEN FAST & FURIOUS 86203,$29.86,from United Kingdom,https://i.ebayimg.com/thumbs/images/g/tqEAAOxy0NtTD47H/s-l225.jpg
AUTOWORLD AW64342 AWSP087 B 1985 CHEVY SILVERADO PICK UP TRUCK 1/64 TAN,$9.70,from United States,https://i.ebayimg.com/thumbs/images/g/ak8AAOSwANdiISMk/s-l225.jpg
James bond 007 Little Nellie You only live Twice New Sealed outer,$17.39,from United Kingdom,https://i.ebayimg.com/thumbs/images/g/l2MAAOSw02JfLyY1/s-l225.jpg
"Little Bastard Water-Slide Decals James Dean 1:64,1:43,1:32,1:24,1:18  scale car",$5.99,from Canada,https://i.ebayimg.com/thumbs/images/g/FisAAOSwkNRdzC~P/s-l225.jpg
HOT WHEELS 2017 PORSCHE 934.5 BLACK FRESHLY OPENED LOOSE MINT,$6.00,from Malaysia,https://i.ebayimg.com/thumbs/images/g/2H0AAOSwQtphVzIS/s-l225.jpg
Chow Mobile #35 * White * 2022 Matchbox Case C * NA86,$1.99,from United States,https://i.ebayimg.com/thumbs/images/g/m1IAAOSwgMJihDm7/s-l225.jpg
1/64 Hobby Japan Honda Integra Type-R DC2 1998 Championship White HJ641004BW,$39.99,from Hong Kong,https://i.ebayimg.com/thumbs/images/g/63YAAOSw8q9ducx0/s-l225.jpg
2022 Hot Wheels HW TURBO 8/10 Koenigsegg Gemera 138/250,$2.00,from United States,https://i.ebayimg.com/thumbs/images/g/bAUAAOSwZb5ieW2C/s-l225.jpg
2022 Matchbox Target Retro #5 1962 Volkswagen Beetle BAHAMA BLUE (GREEN) / MOC,$2.99,from United States,https://i.ebayimg.com/thumbs/images/g/p7MAAOSw8PpiIElg/s-l225.jpg
Kyosho 1/64 Porsche Collection 1 Porsche 928 S4 1981 Brown Metallic ,$29.00,from Hong Kong,https://i.ebayimg.com/thumbs/images/g/ZocAAOSwX0xiJf1u/s-l225.jpg
BMW 3.0 CSL #15 BMW ALPINA 24H SPA LTD ED 1/18 DIECAST CAR MINICHAMPS 155732695,$129.99,from United States,https://i.ebayimg.com/thumbs/images/g/DTsAAOSwLW9dSdl4/s-l225.jpg
"BMW E30 M3 #31 KURT THIIM ""LUK"" DTM 1988 1/18 DIECAST MODEL CAR SOLIDO S1801508",$56.99,from United States,https://i.ebayimg.com/thumbs/images/g/9K4AAOSwc7FiBrix/s-l225.jpg
HOT WHEELS CAR CULTURE 2 PACK VOLKSWAGEN T1 PANEL BUS & CUSTOM BEETLE MOON EYES,$16.99,from United States,https://i.ebayimg.com/thumbs/images/g/rl8AAOSwxkhhxAGE/s-l225.jpg
2022 Hot Wheels - Tesla Cybertruck - HW Hot Trucks 3/10; 49/250,$7.79,from Canada,https://i.ebayimg.com/thumbs/images/g/aswAAOSwaldiGmHB/s-l225.jpg
2022 Hot Wheels HW WAGONS 2/5 Volvo 850 Estate 57/250,$2.00,from United States,https://i.ebayimg.com/thumbs/images/g/TRIAAOSwdW9ieWrI/s-l225.jpg
HotWheels 2022 RLC Membership Car - 72 Nissan Skyline H/T 2000GT-R - In Hand,$46.72,from Canada,https://i.ebayimg.com/thumbs/images/g/IXQAAOSwvEJiM7Ll/s-l225.jpg
JOHNNY LIGHTNING JLSP200 B 1955 CHEVY CAMEO with ENCLOSED TRAILER 1/64 BEIGE,$14.90,from United States,https://i.ebayimg.com/thumbs/images/g/ozYAAOSwxIBiX~nG/s-l225.jpg
PAGANI HUAYRA ROADSTER ORANGE METALLIC 1/64 DIECAST MODEL CAR BY TSM MGT00078,$10.99,from United States,https://i.ebayimg.com/thumbs/images/g/0CoAAOSwrtteXDYt/s-l225.jpg
NOREV 1/64. Peugeot 308 Red 2022. New IN Box,$6.63,from France,https://i.ebayimg.com/thumbs/images/g/WxsAAOSwHWFiJ7zc/s-l225.jpg
OFFICIAL LICENSED PRODUCT - BMW Motorrad - K1 - 1988 - 1/24 Mini Bike E4,$13.99,from Hong Kong,https://i.ebayimg.com/thumbs/images/g/IM4AAOSwfZxgthM0/s-l225.jpg
Hot Wheels 2017 Green Blade Raider Digital Circuit 3/5 DVD16,$7.98,from United States,https://i.ebayimg.com/thumbs/images/g/i9MAAOSwxRlhP4YP/s-l225.jpg
Hot Wheels 2019 Blue Muscle Tone Holiday Hot Rods 5/6 GBC66,$7.98,from United States,https://i.ebayimg.com/thumbs/images/g/LJAAAOSw4NphSMNM/s-l225.jpg
Hot Wheels 2001 Roush Racing Jeff Burton Citgo Racing 52860,$14.98,from United States,https://i.ebayimg.com/thumbs/images/g/i6UAAOSw3-1hN-IE/s-l225.jpg
Hot Wheels 2017 Red Drift Rod X-Raycers 7/10 DTY12,$7.98,from United States,https://i.ebayimg.com/thumbs/images/g/F8wAAOSw6ZFhSdim/s-l225.jpg
Hot Wheels 2017 Red Renault Sport R.S. 01 Exotics 10/10 DVC53,$8.98,from United States,https://i.ebayimg.com/thumbs/images/g/mGwAAOSw9s5hR0fE/s-l225.jpg
New ListingTakara Tomy Tomica Disney Motors Jewelry Storage - Dumbo Mini Diecast Car Toy ,$14.34,from United Kingdom,https://i.ebayimg.com/thumbs/images/g/IL0AAOSworRgVfmk/s-l225.jpg
OFFICIAL LICENSED PRODUCT - BMW Motorrad - K1 - 1988 - 1/24 Mini Bike E4,$13.99,from Hong Kong,https://i.ebayimg.com/thumbs/images/g/IM4AAOSwfZxgthM0/s-l225.jpg
2022 Hot Wheels Car Culture Deutschland Design #5 1994 AMG-Mercedes C-Class DTM ,$10.25,from United States,https://i.ebayimg.com/thumbs/images/g/sbkAAOSwr11iW0Ty/s-l225.jpg
2013 Hot Wheels #183 HW Showroom American Turbo Purple Passion ZAMAC #015,$3.25,from United States,https://i.ebayimg.com/thumbs/images/g/L-EAAMXQ56ZSBcJB/s-l225.jpg
1:64 DCM Rolls-Royce Phantom VI 6 V8 Limousine 1968-1990 Black Limited 999 pcs,$26.99,from Hong Kong,https://i.ebayimg.com/thumbs/images/g/BqwAAOSwJ7hhIGBW/s-l225.jpg
1/43 Matrix Bugatti Type 40 Roadster 1921 Black / Yellow MX40205-022,$119.99,from Hong Kong,https://i.ebayimg.com/thumbs/images/g/susAAOSwXu1ic5Hd/s-l225.jpg
WIKING H0 Theme Set Race Car 182288 Pms + Box 120616,$31.47,from Germany,https://i.ebayimg.com/thumbs/images/g/fIAAAOSw4s1ihf8O/s-l225.jpg
"1969 VOLKSWAGEN DOUBLE CAB TOW TRUCK ""GULF"" 1/64 DIECAST CAR GREENLIGHT 35220 B",$7.99,from United States,https://i.ebayimg.com/thumbs/images/g/AtIAAOSwOqpiZu7C/s-l225.jpg
JOHNNY LIGHTNING GONE FISHING JLBT002 1973 CHEVROLET CAPRICE w BOAT 1/64 CREAM,$14.97,from United States,https://i.ebayimg.com/thumbs/images/g/iMQAAOSw42dZHItz/s-l225.jpg
2022 Hot Wheels #108 HW Art Cars '69 Chevy Pickup red,$2.50,from United States,https://i.ebayimg.com/thumbs/images/g/1V4AAOSwY59iTkyQ/s-l225.jpg
Hot Wheels 2018 White Rally Cat Daredevils 5/5 FJX54,$7.98,from United States,https://i.ebayimg.com/thumbs/images/g/2UwAAOSwoN9hPhMt/s-l225.jpg
Hot Wheels 2016 Red Skyfire (Killer Copter) Sky Show 2/5 DHR43,$8.98,from United States,https://i.ebayimg.com/thumbs/images/g/dS8AAOSwPcphSdia/s-l225.jpg
"Just Keep Swimming Vinyl Sticker -  Car, Laptop Sticker Motivational Cute Quote",$3.49 to $4.49,from United States,https://i.ebayimg.com/thumbs/images/g/UF0AAOSwMVxf-JPP/s-l225.jpg
2019 Hot Wheels Walmart Exclusive Zamac '17 Acura NSX ,$2.99,from United States,https://i.ebayimg.com/thumbs/images/g/P0oAAOSwLdFiMYBV/s-l225.jpg
"M2 MACHINES 1976 76 CHEVROLET SQUAREBODY FIRE DEPT TRUCK -Red, MIB",$11.95,from United States,https://i.ebayimg.com/thumbs/images/g/LGUAAOSwX9VfPWZ3/s-l225.jpg
2022 JOHNNY LIGHTNING 1989 LOTUS ESPRIT CLASSIC GOLD REL 4 VS A NO 5,$9.99,from United States,https://i.ebayimg.com/thumbs/images/g/7EMAAOSwRqxiYwda/s-l225.jpg
2019 Hot Wheels Walmart Exclusive Zamac Nissan Skyline RS (KDR30)W/1/2InchCrease,$5.49,from United States,https://i.ebayimg.com/thumbs/images/g/eEwAAOSwJjZiXg01/s-l225.jpg
Model Car Scale 1:18 Tecnomodel Maserati A6 Gcs Street vehicles road,$297.02,from Italy,https://i.ebayimg.com/thumbs/images/g/PlYAAOSwHy1iXoSc/s-l225.jpg
1:24 Danbury Mint 1968 Chevrolet Corvette British Green MIB With Title Paper Up2,$98.88,from United States,https://i.ebayimg.com/thumbs/images/g/xn0AAOSwLNRifKvh/s-l225.jpg
Matchbox Cadillac Series. Cadillac Cts Wagon.New IN Box,$3.32,from France,https://i.ebayimg.com/thumbs/images/g/flUAAOSwXHJgyNJc/s-l225.jpg
Majorette 212053152Q03 - Premium Cars - Deluxe Cars Lamborghini Sian - New,$6.31,from Germany,https://i.ebayimg.com/thumbs/images/g/-20AAOSwnBJh1WPN/s-l225.jpg
2022 Hot Wheels HW HATCHBACKS 3/5 Ford Focus RS 41/250 (Orange),$2.00,from United States,https://i.ebayimg.com/thumbs/images/g/IgcAAOSwuIlicCA6/s-l225.jpg
LB Silhouette Nissan Silvia S15 #110 * White * 2022 Hot Wheels Case E * WL11,$3.99,from United States,https://i.ebayimg.com/thumbs/images/g/3I4AAOSwVbhiTNpW/s-l225.jpg
MAY 2022 #220 Grang China Police Car Trailer 1:64 XCARTOYS 12.3cm long,$39.98,from Hong Kong,https://i.ebayimg.com/thumbs/images/g/R4MAAOSw~bpibShF/s-l225.jpg
2022 JOHNNY LIGHTNING 1962 CHEVY BEL AIR CLASSIC GOLD REL 4 VS B NO 4,$9.99,from United States,https://i.ebayimg.com/thumbs/images/g/aFIAAOSwK2JiMk7I/s-l225.jpg
Hot Wheels 2002 Red Sooo Fast Spares 'N Strikes 4/4 062,$7.98,from United States,https://i.ebayimg.com/thumbs/images/g/M1gAAOSwt~JhP4YR/s-l225.jpg
Hot Wheels 2001 Brown '38 Phantom Corsair Mainline 53734,$8.98,from United States,https://i.ebayimg.com/thumbs/images/g/t4EAAOSwrVZhU4cE/s-l225.jpg
Hot Wheels 2003 Cadillac Cien First Editions 15/42 56367,$8.98,from United States,https://i.ebayimg.com/thumbs/images/g/o4IAAOSw3YphU4cO/s-l225.jpg
Hot Wheels 2014 Silver RRRoadster Thrill Racers 155/250 BDD04,$8.98,from United States,https://i.ebayimg.com/thumbs/images/g/agQAAOSwHWRhR0fI/s-l225.jpg
1:18 Rolls-Royce Phantom Alloy Toy Car Diecast Metal Vehicles Sound Light Kids,$51.99,from Sri Lanka,https://i.ebayimg.com/thumbs/images/g/0iwAAOSw9KtiXS7j/s-l225.jpg
2021 Hot Wheels Overwatch Character Cars Winston,$8.99,from United States,https://i.ebayimg.com/thumbs/images/g/R1wAAOSwdpZidFvX/s-l225.jpg
HOT WHEELS CAR CULTURE SLIDE STREET #2 '20 TOYOTA GR SUPRA,$14.99,from Malaysia,https://i.ebayimg.com/thumbs/images/g/AtUAAOSwZdJheC1o/s-l225.jpg
2021 Hot Wheels #60 Red Edition Donut Drifter Target Exclusive,$3.25,from United States,https://i.ebayimg.com/thumbs/images/g/~nIAAOSwy9phbCCf/s-l225.jpg
1971 AIRSTREAM LAND YACHT DOUBLE AXLE TRAILER CAMPER  1:64 DIORAMA DIECAST MODEL,$9.99,from United States,https://i.ebayimg.com/thumbs/images/g/KKEAAOSwQgJiJ-0s/s-l225.jpg
HOT WHEELS 2017 RACE DAY CAR CULTURE MAZDA RX3 LOOSE MINT,$12.00,from Malaysia,https://i.ebayimg.com/thumbs/images/g/kKgAAOSwIM5eJEHd/s-l225.jpg
Hot Wheels 2014 Red Poppa Wheelie Off-Road 87/250 BDC90,$8.98,from United States,https://i.ebayimg.com/thumbs/images/g/hNAAAOSwyIthPXLe/s-l225.jpg
10X Rocker Panel Door Moulding Clips Mounting Brackets for BMW,$7.09,from Lithuania,https://i.ebayimg.com/thumbs/images/g/otQAAOSwhL5igWIE/s-l225.jpg
2021 Hot Wheels  - '17 Nissan GT-R (R35) - Lot of 3 - w/ 2020 Version,$5.95,from United States,https://i.ebayimg.com/thumbs/images/g/ohIAAOSwApBhVhV9/s-l225.jpg
2022 Hot Wheels  #43- Lot of 4 - '55 Chevy Bel Air Gasser  w/ Pearl Version,$9.95,from United States,https://i.ebayimg.com/thumbs/images/g/lpwAAOSwfgZig7R1/s-l225.jpg
2022 Hot Wheels TOONED 1/5 Tooned' Volkswagen Golf MK1 10/250 (Red),$2.00,from United States,https://i.ebayimg.com/thumbs/images/g/kRIAAOSwqqZiS6oh/s-l225.jpg
HOT WHEELS Loose '70 Ford Escort RS 1600 (Gun Metal Blue Version),$1.50,from United States,https://i.ebayimg.com/thumbs/images/g/i5YAAOSwSLZiftLj/s-l225.jpg
1/64 Hobby Japan Honda Integra Type-R DC2 1998 Sunlight Yellow HJ641004BY,$34.99,from Hong Kong,https://i.ebayimg.com/thumbs/images/g/ZbEAAOSwlr1duc1~/s-l225.jpg
2020 Hot Wheels #90 HW Art Cars '92 Ford Mustang Zamac,$3.25,from United States,https://i.ebayimg.com/thumbs/images/g/KmkAAOSwwyhhU2c-/s-l225.jpg
50Pcs Green Plastic Car Door Panel Clip Trim Fastener Retainers for Chrysler,$4.04,from China,https://i.ebayimg.com/thumbs/images/g/ZBQAAOSwnH1WX5nK/s-l225.jpg
1:32 Truck Model Toys Modification Scene Accessories Trailer Car Display New,$29.96,from Sri Lanka,https://i.ebayimg.com/thumbs/images/g/GHUAAOSwnpRiQJjd/s-l225.jpg
M2 MACHINES Auto-Drivers R77  1970 Ford Torino GT 429 SCJ,$7.95,from United States,https://i.ebayimg.com/thumbs/images/g/1pkAAOSwauBiEGgG/s-l225.jpg
BBURAGO 1:43 2021 Red Bull #33 RB16b F1 Max Verstappen Model Car Collection,$18.88,from China,https://i.ebayimg.com/thumbs/images/g/8gYAAOSwv9JiVmv8/s-l225.jpg
1:24 Danbury Mint 1969 Ford Mustang Boss 429 Raven Black MIB & Title Paper Up 2,$149.88,from United States,https://i.ebayimg.com/thumbs/images/g/3JwAAOSwq~VifKsP/s-l225.jpg
2015 Ford Mustang GT Police Highway Patrol - Diecast Scale 1:64 Car #A64,$9.99,from United States,https://i.ebayimg.com/thumbs/images/g/9v8AAOSwf6FgZ6aX/s-l225.jpg
AUTOWORLD AWSP048 B HEMMINGS 1979 CHEVROLET SCOTTSDALE 1/64 RED BLACK,$8.97,from United States,https://i.ebayimg.com/thumbs/images/g/0VgAAOSw2dlffS-U/s-l225.jpg
2005 Hot Wheels #142 ~ Volkswagen New Beetle Cup ~ Blue,$2.97,from United States,https://i.ebayimg.com/thumbs/images/g/PTYAAOSwjyJhv1Vb/s-l225.jpg
M2 Machines 1:64 Auto- Thentics R61 1965 Ford Falcon Club Wagon,$8.95,from United States,https://i.ebayimg.com/thumbs/images/g/yfQAAOSwrFFibLSk/s-l225.jpg
Tokyo 2020 OLYMPICS Hot Wheels COMPLETE 10 Car Boxed Set NEW & Sealed,$28.50,from United States,https://i.ebayimg.com/thumbs/images/g/jFEAAOSwU7Jheb1i/s-l225.jpg
LANCIA NEW DELTA HPE BLACK 1/24 DIECAST CAR MODEL BY BBURAGO 21068,$16.99,from United States,https://i.ebayimg.com/thumbs/images/g/sOUAAOxyaoFSDkXQ/s-l225.jpg
Matchbox 2022 Moving Parts - 1932 Ford Pickup,$5.99,from United States,https://i.ebayimg.com/thumbs/images/g/918AAOSwL39iQ9gT/s-l225.jpg
2021 Hot Wheels Premium Target Exclusive '71 BRE Datsun 510 Two Pack,$22.47,from United States,https://i.ebayimg.com/thumbs/images/g/eVYAAOSwg1VhqbNa/s-l225.jpg
2022 Hot Wheels #124 Factory Fresh Nissan Z Proto yellow,$2.75,from United States,https://i.ebayimg.com/thumbs/images/g/EikAAOSwXZpicIlb/s-l225.jpg
1:43 Schuco BMW Turbo X1 E25 1972 Coupe 08981 Resin Model Car Limited Collection,$77.32,from China,https://i.ebayimg.com/thumbs/images/g/g9QAAOSwNs5iPRQf/s-l225.jpg
Busch 49014 Gauge H0 Ford Crown Victoria # New Original Packaging #,$9.47,from Germany,https://i.ebayimg.com/thumbs/images/g/ooEAAOSwTXVelWOt/s-l225.jpg
Norev Daimler Motorkutsche 1886 Dark Blue 1/18 Scale Die-Cast Model New in Box,$99.00,from China,https://i.ebayimg.com/thumbs/images/g/XAQAAOSwe09iYYlT/s-l225.jpg
AUTOWORLD CP7731 RACING LEGENDS JUNGLE JIM 1973 CHEVY C-10 PICK UP 1/64 BLUE,$10.97,from United States,https://i.ebayimg.com/thumbs/images/g/qb4AAOSw~QdgMATf/s-l225.jpg
Hot Wheels Classics Series 2 Mustang Mach 1 Red #15 of 30 Special Paint 2005,$15.00,from United States,https://i.ebayimg.com/thumbs/images/g/-lkAAOSw7TRh64fD/s-l225.jpg
"M2 MACHINES 31500-RZ02 ""I"" RIVERSIDE SHOW 1973 CHEVROLET CHEYENNE 10 1/64 GREEN",$13.99,from United States,https://i.ebayimg.com/thumbs/images/g/5JoAAOSwJLBiVMGN/s-l225.jpg
Matchbox 2020 RETRO SERIES Porsche 911 Rally 7/12,$2.99,from United States,https://i.ebayimg.com/thumbs/images/g/ptcAAOSwIqlfm0H8/s-l225.jpg
HOT WHEELS 2022 '71 PORSCHE 911 ORANGE LOOSE MINT,$10.00,from Malaysia,https://i.ebayimg.com/thumbs/images/g/ib8AAOSwJWBh8Oxz/s-l225.jpg
2004 Hot Wheels ~CRANK ITZ~ Custom '59 Cadillac 1/5,$2.00,from United States,https://i.ebayimg.com/thumbs/images/g/-lkAAOSwi3Bf87in/s-l225.jpg
SMZ-S3A 1:43 Scale Diecast Model DeAgostini Auto Legends USSR #24,$23.00,from Ukraine,https://i.ebayimg.com/thumbs/images/g/f4kAAOSw4GlibY7l/s-l225.jpg
2022 Hot Wheels - Hatchbacks  - Lot of 3 - '19 Mercedes-Benz A-Class w/ Zamac,$5.95,from United States,https://i.ebayimg.com/thumbs/images/g/qlUAAOSw611iYdpW/s-l225.jpg
2022 Hot Wheels FACTORY FRESH 4/10 Alfa Romeo 8C Competizione 156/250,$2.00,from United States,https://i.ebayimg.com/thumbs/images/g/LfcAAOSw75pieW7K/s-l225.jpg
 HOT WHEELS NISSAN SERIES  NISSAN FAIRLADY Z,$2.50,from United States,https://i.ebayimg.com/thumbs/images/g/5EsAAOSwKq5hv8nF/s-l225.jpg
Hi-Story 1/43 Toyota Starlet Si 1982 White HS303WH Resin Model Car Collection,$66.08,from China,https://i.ebayimg.com/thumbs/images/g/yNoAAOSww3hih-9V/s-l225.jpg
New ListingTomica Dream Tomica No.149 Sumikko Gurashi Penguins Ice Cream Shop,$17.55,from Japan,https://i.ebayimg.com/thumbs/images/g/ZPUAAOSwa85iiMcz/s-l225.jpg
